Ten minute period number,Active occupant count in time period,Probability of transition to zero active occupants in next time period,Probability of transition to one active occupant in next time period,Probability of transition to two active occupants in next time period,Probability of transition to three active occupants in next time period,Probability of transition to four active occupants in next time period,Probability of transition to five active occupants in next time period,Probability of transition to six active occupants in next time period
1,0,0.995,0.005,0.000,0.000,0.000,0.000,0
1,1,0.095,0.904,0.001,0.000,0.000,0.000,0
1,2,0.000,0.199,0.801,0.000,0.000,0.000,0
1,3,0.000,0.037,0.185,0.778,0.000,0.000,0
1,4,0.000,0.000,0.000,0.000,1.000,0.000,0
1,5,0.000,0.000,0.000,0.000,0.000,0.000,0.000
1,6,0.000,0.000,0.000,0.000,0.000,0.000,0.000
2,0,0.991,0.009,0.000,0.000,0.000,0.000,0
2,1,0.278,0.718,0.004,0.000,0.000,0.000,0
2,2,0.098,0.370,0.533,0.000,0.000,0.000,0
2,3,0.048,0.143,0.381,0.429,0.000,0.000,0
2,4,0.000,0.500,0.000,0.000,0.500,0.000,0
2,5,0.000,0.000,0.000,0.000,0.000,0.000,0.000
2,6,0.000,0.000,0.000,0.000,0.000,0.000,0.000
3,0,0.987,0.013,0.000,0.000,0.000,0.000,0
3,1,0.109,0.884,0.007,0.000,0.000,0.000,0
3,2,0.006,0.193,0.795,0.006,0.000,0.000,0
3,3,0.000,0.000,0.333,0.667,0.000,0.000,0
3,4,0.000,0.000,0.000,0.000,1.000,0.000,0
3,5,0.000,0.000,0.000,0.000,0.000,0.000,0.000
3,6,0.000,0.000,0.000,0.000,0.000,0.000,0.000
4,0,0.998,0.002,0.000,0.000,0.000,0.000,0
4,1,0.055,0.940,0.005,0.000,0.000,0.000,0
4,2,0.007,0.086,0.907,0.000,0.000,0.000,0
4,3,0.000,0.143,0.000,0.857,0.000,0.000,0
4,4,0.000,0.000,0.000,0.000,1.000,0.000,0
4,5,0.000,0.000,0.000,0.000,0.000,0.000,0.000
4,6,0.000,0.000,0.000,0.000,0.000,0.000,0.000
5,0,0.971,0.028,0.000,0.000,0.000,0.000,0
5,1,0.352,0.627,0.021,0.000,0.000,0.000,0
5,2,0.098,0.466,0.436,0.000,0.000,0.000,0
5,3,0.000,0.000,1.000,0.000,0.000,0.000,0
5,4,0.000,0.000,0.000,1.000,0.000,0.000,0
5,5,0.000,0.000,0.000,0.000,0.000,0.000,0.000
5,6,0.000,0.000,0.000,0.000,0.000,0.000,0.000
6,0,0.994,0.006,0.000,0.000,0.000,0.000,0
6,1,0.080,0.919,0.001,0.000,0.000,0.000,0
6,2,0.011,0.135,0.854,0.000,0.000,0.000,0
6,3,0.000,0.000,0.000,1.000,0.000,0.000,0
6,4,0.000,0.000,0.000,0.000,0.000,0.000,0
6,5,0.000,0.000,0.000,0.000,0.000,0.000,0.000
6,6,0.000,0.000,0.000,0.000,0.000,0.000,0.000
7,0,0.992,0.008,0.000,0.000,0.000,0.000,0
7,1,0.072,0.921,0.007,0.000,0.000,0.000,0
7,2,0.013,0.208,0.779,0.000,0.000,0.000,0
7,3,0.000,0.000,0.000,1.000,0.000,0.000,0
7,4,0.000,0.000,0.000,0.000,0.000,0.000,0
7,5,0.000,0.000,0.000,0.000,0.000,0.000,0.000
7,6,0.000,0.000,0.000,0.000,0.000,0.000,0.000
8,0,0.997,0.003,0.000,0.000,0.000,0.000,0
8,1,0.215,0.785,0.000,0.000,0.000,0.000,0
8,2,0.015,0.439,0.545,0.000,0.000,0.000,0
8,3,0.000,1.000,0.000,0.000,0.000,0.000,0
8,4,0.000,0.000,0.000,0.000,0.000,0.000,0
8,5,0.000,0.000,0.000,0.000,0.000,0.000,0.000
8,6,0.000,0.000,0.000,0.000,0.000,0.000,0.000
9,0,0.995,0.005,0.000,0.000,0.000,0.000,0
9,1,0.157,0.843,0.000,0.000,0.000,0.000,0
9,2,0.028,0.250,0.722,0.000,0.000,0.000,0
9,3,0.000,0.000,0.000,0.000,0.000,0.000,0
9,4,0.000,0.000,0.000,0.000,0.000,0.000,0
9,5,0.000,0.000,0.000,0.000,0.000,0.000,0.000
9,6,0.000,0.000,0.000,0.000,0.000,0.000,0.000
10,0,0.987,0.013,0.000,0.000,0.000,0.000,0
10,1,0.000,0.985,0.015,0.000,0.000,0.000,0
10,2,0.000,0.000,1.000,0.000,0.000,0.000,0
10,3,0.000,0.000,0.000,0.000,0.000,0.000,0
10,4,0.000,0.000,0.000,0.000,0.000,0.000,0
10,5,0.000,0.000,0.000,0.000,0.000,0.000,0.000
10,6,0.000,0.000,0.000,0.000,0.000,0.000,0.000
11,0,0.983,0.017,0.000,0.000,0.000,0.000,0
11,1,0.337,0.654,0.009,0.000,0.000,0.000,0
11,2,0.086,0.429,0.486,0.000,0.000,0.000,0
11,3,0.000,0.000,0.000,0.000,0.000,0.000,0
11,4,0.000,0.000,0.000,0.000,0.000,0.000,0
11,5,0.000,0.000,0.000,0.000,0.000,0.000,0.000
11,6,0.000,0.000,0.000,0.000,0.000,0.000,0.000
12,0,0.994,0.006,0.000,0.000,0.000,0.000,0
12,1,0.099,0.899,0.002,0.000,0.000,0.000,0
12,2,0.000,0.250,0.750,0.000,0.000,0.000,0
12,3,0.000,0.000,0.000,0.000,0.000,0.000,0
12,4,0.000,0.000,0.000,0.000,0.000,0.000,0
12,5,0.000,0.000,0.000,0.000,0.000,0.000,0.000
12,6,0.000,0.000,0.000,0.000,0.000,0.000,0.000
13,0,0.996,0.004,0.000,0.000,0.000,0.000,0
13,1,0.081,0.919,0.000,0.000,0.000,0.000,0
13,2,0.000,0.000,1.000,0.000,0.000,0.000,0
13,3,0.000,0.000,0.000,0.000,0.000,0.000,0
13,4,0.000,0.000,0.000,0.000,0.000,0.000,0
13,5,0.000,0.000,0.000,0.000,0.000,0.000,0.000
13,6,0.000,0.000,0.000,0.000,0.000,0.000,0.000
14,0,0.987,0.013,0.000,0.000,0.000,0.000,0
14,1,0.280,0.714,0.006,0.000,0.000,0.000,0
14,2,0.000,0.474,0.526,0.000,0.000,0.000,0
14,3,0.000,0.000,0.000,0.000,0.000,0.000,0
14,4,0.000,0.000,0.000,0.000,0.000,0.000,0
14,5,0.000,0.000,0.000,0.000,0.000,0.000,0.000
14,6,0.000,0.000,0.000,0.000,0.000,0.000,0.000
15,0,0.995,0.005,0.000,0.000,0.000,0.000,0
15,1,0.088,0.907,0.005,0.000,0.000,0.000,0
15,2,0.000,0.154,0.846,0.000,0.000,0.000,0
15,3,0.000,0.000,0.000,0.000,0.000,0.000,0
15,4,0.000,0.000,0.000,0.000,0.000,0.000,0
15,5,0.000,0.000,0.000,0.000,0.000,0.000,0.000
15,6,0.000,0.000,0.000,0.000,0.000,0.000,0.000
16,0,1.000,0.000,0.000,0.000,0.000,0.000,0
16,1,0.053,0.947,0.000,0.000,0.000,0.000,0
16,2,0.000,0.077,0.923,0.000,0.000,0.000,0
16,3,0.000,0.000,0.000,0.000,0.000,0.000,0
16,4,0.000,0.000,0.000,0.000,0.000,0.000,0
16,5,0.000,0.000,0.000,0.000,0.000,0.000,0.000
16,6,0.000,0.000,0.000,0.000,0.000,0.000,0.000
17,0,0.980,0.020,0.000,0.000,0.000,0.000,0
17,1,0.279,0.706,0.016,0.000,0.000,0.000,0
17,2,0.083,0.500,0.417,0.000,0.000,0.000,0
17,3,0.000,0.000,0.000,0.000,0.000,0.000,0
17,4,0.000,0.000,0.000,0.000,0.000,0.000,0
17,5,0.000,0.000,0.000,0.000,0.000,0.000,0.000
17,6,0.000,0.000,0.000,0.000,0.000,0.000,0.000
18,0,1.000,0.000,0.000,0.000,0.000,0.000,0
18,1,0.077,0.923,0.000,0.000,0.000,0.000,0
18,2,0.000,0.000,1.000,0.000,0.000,0.000,0
18,3,0.000,0.000,0.000,0.000,0.000,0.000,0
18,4,0.000,0.000,0.000,0.000,0.000,0.000,0
18,5,0.000,0.000,0.000,0.000,0.000,0.000,0.000
18,6,0.000,0.000,0.000,0.000,0.000,0.000,0.000
19,0,1.000,0.000,0.000,0.000,0.000,0.000,0
19,1,0.000,1.000,0.000,0.000,0.000,0.000,0
19,2,0.000,0.000,1.000,0.000,0.000,0.000,0
19,3,0.000,0.000,0.000,0.000,0.000,0.000,0
19,4,0.000,0.000,0.000,0.000,0.000,0.000,0
19,5,0.000,0.000,0.000,0.000,0.000,0.000,0.000
19,6,0.000,0.000,0.000,0.000,0.000,0.000,0.000
20,0,0.991,0.009,0.000,0.000,0.000,0.000,0
20,1,0.056,0.929,0.015,0.000,0.000,0.000,0
20,2,0.000,0.182,0.818,0.000,0.000,0.000,0
20,3,0.000,0.000,0.000,0.000,0.000,0.000,0
20,4,0.000,0.000,0.000,0.000,0.000,0.000,0
20,5,0.000,0.000,0.000,0.000,0.000,0.000,0.000
20,6,0.000,0.000,0.000,0.000,0.000,0.000,0.000
21,0,1.000,0.000,0.000,0.000,0.000,0.000,0
21,1,0.106,0.894,0.000,0.000,0.000,0.000,0
21,2,0.000,0.357,0.643,0.000,0.000,0.000,0
21,3,0.000,0.000,0.000,0.000,0.000,0.000,0
21,4,0.000,0.000,0.000,0.000,0.000,0.000,0
21,5,0.000,0.000,0.000,0.000,0.000,0.000,0.000
21,6,0.000,0.000,0.000,0.000,0.000,0.000,0.000
22,0,1.000,0.000,0.000,0.000,0.000,0.000,0
22,1,0.061,0.939,0.000,0.000,0.000,0.000,0
22,2,0.000,0.000,1.000,0.000,0.000,0.000,0
22,3,0.000,0.000,0.000,0.000,0.000,0.000,0
22,4,0.000,0.000,0.000,0.000,0.000,0.000,0
22,5,0.000,0.000,0.000,0.000,0.000,0.000,0.000
22,6,0.000,0.000,0.000,0.000,0.000,0.000,0.000
23,0,0.907,0.091,0.002,0.000,0.000,0.000,0
23,1,0.592,0.382,0.026,0.000,0.000,0.000,0
23,2,0.222,0.778,0.000,0.000,0.000,0.000,0
23,3,0.000,0.000,0.000,0.000,0.000,0.000,0
23,4,0.000,0.000,0.000,0.000,0.000,0.000,0
23,5,0.000,0.000,0.000,0.000,0.000,0.000,0.000
23,6,0.000,0.000,0.000,0.000,0.000,0.000,0.000
24,0,1.000,0.000,0.000,0.000,0.000,0.000,0
24,1,0.071,0.929,0.000,0.000,0.000,0.000,0
24,2,0.000,0.118,0.882,0.000,0.000,0.000,0
24,3,0.000,0.000,0.000,0.000,0.000,0.000,0
24,4,0.000,0.000,0.000,0.000,0.000,0.000,0
24,5,0.000,0.000,0.000,0.000,0.000,0.000,0.000
24,6,0.000,0.000,0.000,0.000,0.000,0.000,0.000
25,0,0.994,0.006,0.000,0.000,0.000,0.000,0
25,1,0.155,0.839,0.006,0.000,0.000,0.000,0
25,2,0.067,0.467,0.467,0.000,0.000,0.000,0
25,3,0.000,0.000,0.000,0.000,0.000,0.000,0
25,4,0.000,0.000,0.000,0.000,0.000,0.000,0
25,5,0.000,0.000,0.000,0.000,0.000,0.000,0.000
25,6,0.000,0.000,0.000,0.000,0.000,0.000,0.000
26,0,0.981,0.019,0.000,0.000,0.000,0.000,0
26,1,0.209,0.785,0.006,0.000,0.000,0.000,0
26,2,0.100,0.100,0.700,0.100,0.000,0.000,0
26,3,0.000,0.000,0.000,0.000,0.000,0.000,0
26,4,0.000,0.000,0.000,0.000,0.000,0.000,0
26,5,0.000,0.000,0.000,0.000,0.000,0.000,0.000
26,6,0.000,0.000,0.000,0.000,0.000,0.000,0.000
27,0,0.989,0.011,0.000,0.000,0.000,0.000,0
27,1,0.201,0.796,0.002,0.000,0.000,0.000,0
27,2,0.100,0.100,0.800,0.000,0.000,0.000,0
27,3,0.000,0.000,0.000,1.000,0.000,0.000,0
27,4,0.000,0.000,0.000,0.000,0.000,0.000,0
27,5,0.000,0.000,0.000,0.000,0.000,0.000,0.000
27,6,0.000,0.000,0.000,0.000,0.000,0.000,0.000
28,0,1.000,0.000,0.000,0.000,0.000,0.000,0
28,1,0.000,1.000,0.000,0.000,0.000,0.000,0
28,2,0.000,0.000,1.000,0.000,0.000,0.000,0
28,3,0.000,0.000,0.000,1.000,0.000,0.000,0
28,4,0.000,0.000,0.000,0.000,0.000,0.000,0
28,5,0.000,0.000,0.000,0.000,0.000,0.000,0.000
28,6,0.000,0.000,0.000,0.000,0.000,0.000,0.000
29,0,0.972,0.028,0.000,0.000,0.000,0.000,0
29,1,0.223,0.760,0.017,0.000,0.000,0.000,0
29,2,0.000,0.333,0.667,0.000,0.000,0.000,0
29,3,0.000,0.000,1.000,0.000,0.000,0.000,0
29,4,0.000,0.000,0.000,0.000,0.000,0.000,0
29,5,0.000,0.000,0.000,0.000,0.000,0.000,0.000
29,6,0.000,0.000,0.000,0.000,0.000,0.000,0.000
30,0,0.986,0.014,0.000,0.000,0.000,0.000,0
30,1,0.092,0.901,0.007,0.000,0.000,0.000,0
30,2,0.000,0.200,0.800,0.000,0.000,0.000,0
30,3,0.000,0.000,0.000,0.000,0.000,0.000,0
30,4,0.000,0.000,0.000,0.000,0.000,0.000,0
30,5,0.000,0.000,0.000,0.000,0.000,0.000,0.000
30,6,0.000,0.000,0.000,0.000,0.000,0.000,0.000
31,0,1.000,0.000,0.000,0.000,0.000,0.000,0
31,1,0.000,1.000,0.000,0.000,0.000,0.000,0
31,2,0.000,0.000,1.000,0.000,0.000,0.000,0
31,3,0.000,0.000,0.000,0.000,0.000,0.000,0
31,4,0.000,0.000,0.000,0.000,0.000,0.000,0
31,5,0.000,0.000,0.000,0.000,0.000,0.000,0.000
31,6,0.000,0.000,0.000,0.000,0.000,0.000,0.000
32,0,0.921,0.078,0.002,0.000,0.000,0.000,0
32,1,0.230,0.730,0.040,0.000,0.000,0.000,0
32,2,0.000,0.267,0.733,0.000,0.000,0.000,0
32,3,0.000,0.000,0.000,0.000,0.000,0.000,0
32,4,0.000,0.000,0.000,0.000,0.000,0.000,0
32,5,0.000,0.000,0.000,0.000,0.000,0.000,0.000
32,6,0.000,0.000,0.000,0.000,0.000,0.000,0.000
33,0,0.975,0.025,0.000,0.000,0.000,0.000,0
33,1,0.063,0.920,0.017,0.000,0.000,0.000,0
33,2,0.000,0.158,0.842,0.000,0.000,0.000,0
33,3,0.000,0.000,0.000,0.000,0.000,0.000,0
33,4,0.000,0.000,0.000,0.000,0.000,0.000,0
33,5,0.000,0.000,0.000,0.000,0.000,0.000,0.000
33,6,0.000,0.000,0.000,0.000,0.000,0.000,0.000
34,0,0.995,0.005,0.000,0.000,0.000,0.000,0
34,1,0.066,0.927,0.007,0.000,0.000,0.000,0
34,2,0.000,0.067,0.933,0.000,0.000,0.000,0
34,3,0.000,0.000,0.000,0.000,0.000,0.000,0
34,4,0.000,0.000,0.000,0.000,0.000,0.000,0
34,5,0.000,0.000,0.000,0.000,0.000,0.000,0.000
34,6,0.000,0.000,0.000,0.000,0.000,0.000,0.000
35,0,0.774,0.206,0.019,0.000,0.000,0.000,0
35,1,0.140,0.727,0.127,0.007,0.000,0.000,0
35,2,0.043,0.149,0.702,0.106,0.000,0.000,0
35,3,0.000,0.000,0.000,0.000,0.000,0.000,0
35,4,0.000,0.000,0.000,0.000,0.000,0.000,0
35,5,0.000,0.000,0.000,0.000,0.000,0.000,0.000
35,6,0.000,0.000,0.000,0.000,0.000,0.000,0.000
36,0,0.974,0.026,0.000,0.000,0.000,0.000,0
36,1,0.038,0.937,0.024,0.001,0.000,0.000,0
36,2,0.000,0.072,0.908,0.019,0.000,0.000,0
36,3,0.000,0.000,0.000,1.000,0.000,0.000,0
36,4,0.000,0.000,0.000,0.000,0.000,0.000,0
36,5,0.000,0.000,0.000,0.000,0.000,0.000,0.000
36,6,0.000,0.000,0.000,0.000,0.000,0.000,0.000
37,0,1.000,0.000,0.000,0.000,0.000,0.000,0
37,1,0.020,0.980,0.000,0.000,0.000,0.000,0
37,2,0.000,0.045,0.955,0.000,0.000,0.000,0
37,3,0.000,0.000,0.000,1.000,0.000,0.000,0
37,4,0.000,0.000,0.000,0.000,0.000,0.000,0
37,5,0.000,0.000,0.000,0.000,0.000,0.000,0.000
37,6,0.000,0.000,0.000,0.000,0.000,0.000,0.000
38,0,0.786,0.196,0.018,0.001,0.000,0.000,0
38,1,0.049,0.795,0.150,0.006,0.000,0.000,0
38,2,0.005,0.123,0.750,0.118,0.005,0.000,0
38,3,0.000,0.000,0.059,0.941,0.000,0.000,0
38,4,0.000,0.000,0.000,0.000,0.000,0.000,0
38,5,0.000,0.000,0.000,0.000,0.000,0.000,0.000
38,6,0.000,0.000,0.000,0.000,0.000,0.000,0.000
39,0,0.961,0.038,0.001,0.000,0.000,0.000,0
39,1,0.062,0.913,0.026,0.000,0.000,0.000,0
39,2,0.009,0.126,0.847,0.019,0.000,0.000,0
39,3,0.000,0.000,0.173,0.827,0.000,0.000,0
39,4,0.000,0.000,0.000,1.000,0.000,0.000,0
39,5,0.000,0.000,0.000,0.000,0.000,0.000,0.000
39,6,0.000,0.000,0.000,0.000,0.000,0.000,0.000
40,0,0.989,0.011,0.000,0.000,0.000,0.000,0
40,1,0.009,0.976,0.015,0.000,0.000,0.000,0
40,2,0.000,0.026,0.974,0.000,0.000,0.000,0
40,3,0.000,0.000,0.038,0.962,0.000,0.000,0
40,4,0.000,0.000,0.000,0.000,0.000,0.000,0
40,5,0.000,0.000,0.000,0.000,0.000,0.000,0.000
40,6,0.000,0.000,0.000,0.000,0.000,0.000,0.000
41,0,0.581,0.336,0.076,0.007,0.000,0.000,0
41,1,0.034,0.635,0.289,0.039,0.003,0.000,0
41,2,0.000,0.082,0.682,0.223,0.014,0.000,0
41,3,0.000,0.000,0.080,0.720,0.200,0.000,0
41,4,0.000,0.000,0.000,0.000,0.000,0.000,0
41,5,0.000,0.000,0.000,0.000,0.000,0.000,0.000
41,6,0.000,0.000,0.000,0.000,0.000,0.000,0.000
42,0,0.949,0.048,0.003,0.000,0.000,0.000,0
42,1,0.044,0.916,0.040,0.000,0.000,0.000,0
42,2,0.001,0.098,0.875,0.026,0.000,0.000,0
42,3,0.000,0.005,0.153,0.833,0.009,0.000,0
42,4,0.000,0.000,0.000,0.227,0.773,0.000,0
42,5,0.000,0.000,0.000,0.000,0.000,0.000,0.000
42,6,0.000,0.000,0.000,0.000,0.000,0.000,0.000
43,0,0.998,0.002,0.000,0.000,0.000,0.000,0
43,1,0.017,0.981,0.002,0.000,0.000,0.000,0
43,2,0.000,0.043,0.956,0.001,0.000,0.000,0
43,3,0.000,0.005,0.087,0.904,0.005,0.000,0
43,4,0.000,0.000,0.000,0.158,0.842,0.000,0
43,5,0.000,0.000,0.000,0.000,0.000,0.000,0.000
43,6,0.000,0.000,0.000,0.000,0.000,0.000,0.000
44,0,0.653,0.296,0.050,0.001,0.000,0.000,0
44,1,0.071,0.652,0.248,0.028,0.001,0.000,0
44,2,0.006,0.162,0.682,0.144,0.006,0.000,0
44,3,0.005,0.015,0.249,0.647,0.085,0.000,0
44,4,0.000,0.000,0.059,0.412,0.529,0.000,0
44,5,0.000,0.000,0.000,0.000,0.000,0.000,0.000
44,6,0.000,0.000,0.000,0.000,0.000,0.000,0.000
45,0,0.941,0.058,0.001,0.000,0.000,0.000,0
45,1,0.045,0.923,0.032,0.000,0.000,0.000,0
45,2,0.001,0.085,0.892,0.021,0.000,0.000,0
45,3,0.000,0.000,0.144,0.842,0.015,0.000,0
45,4,0.000,0.000,0.000,0.147,0.853,0.000,0
45,5,0.000,0.000,0.000,0.000,0.000,0.000,0.000
45,6,0.000,0.000,0.000,0.000,0.000,0.000,0.000
46,0,0.993,0.007,0.000,0.000,0.000,0.000,0
46,1,0.012,0.984,0.003,0.000,0.000,0.000,0
46,2,0.001,0.024,0.973,0.002,0.000,0.000,0
46,3,0.000,0.000,0.028,0.969,0.003,0.000,0
46,4,0.000,0.000,0.000,0.000,1.000,0.000,0
46,5,0.000,0.000,0.000,0.000,0.000,0.000,0.000
46,6,0.000,0.000,0.000,0.000,0.000,0.000,0.000
47,0,0.345,0.419,0.195,0.034,0.006,0.000,0
47,1,0.041,0.441,0.397,0.114,0.007,0.000,0
47,2,0.005,0.116,0.558,0.287,0.033,0.000,0
47,3,0.000,0.016,0.163,0.654,0.167,0.000,0
47,4,0.000,0.000,0.000,0.200,0.800,0.000,0
47,5,0.000,0.000,0.000,0.000,0.000,0.000,0.000
47,6,0.000,0.000,0.000,0.000,0.000,0.000,0.000
48,0,0.968,0.032,0.000,0.000,0.000,0.000,0
48,1,0.029,0.942,0.028,0.001,0.000,0.000,0
48,2,0.000,0.057,0.925,0.017,0.001,0.000,0
48,3,0.000,0.007,0.098,0.888,0.007,0.000,0
48,4,0.000,0.000,0.000,0.110,0.890,0.000,0
48,5,0.000,0.000,0.000,0.000,0.000,0.000,0.000
48,6,0.000,0.000,0.000,0.000,0.000,0.000,0.000
49,0,0.991,0.009,0.000,0.000,0.000,0.000,0
49,1,0.009,0.985,0.006,0.000,0.000,0.000,0
49,2,0.000,0.011,0.986,0.003,0.000,0.000,0
49,3,0.000,0.000,0.016,0.983,0.001,0.000,0
49,4,0.000,0.000,0.000,0.022,0.978,0.000,0
49,5,0.000,0.000,0.000,0.000,0.000,0.000,0.000
49,6,0.000,0.000,0.000,0.000,0.000,0.000,0.000
50,0,0.639,0.314,0.047,0.000,0.000,0.000,0
50,1,0.049,0.680,0.245,0.024,0.001,0.000,0
50,2,0.005,0.122,0.703,0.161,0.009,0.000,0
50,3,0.000,0.022,0.195,0.719,0.063,0.000,0
50,4,0.000,0.000,0.075,0.201,0.724,0.000,0
50,5,0.000,0.000,0.000,0.000,0.000,0.000,0.000
50,6,0.000,0.000,0.000,0.000,0.000,0.000,0.000
51,0,0.967,0.033,0.000,0.000,0.000,0.000,0
51,1,0.040,0.924,0.036,0.001,0.000,0.000,0
51,2,0.003,0.080,0.894,0.023,0.000,0.000,0
51,3,0.000,0.004,0.114,0.868,0.014,0.000,0
51,4,0.000,0.000,0.006,0.144,0.850,0.000,0
51,5,0.000,0.000,0.000,0.000,0.000,0.000,0.000
51,6,0.000,0.000,0.000,0.000,0.000,0.000,0.000
52,0,0.988,0.012,0.000,0.000,0.000,0.000,0
52,1,0.013,0.973,0.014,0.000,0.000,0.000,0
52,2,0.000,0.023,0.969,0.008,0.000,0.000,0
52,3,0.000,0.000,0.029,0.963,0.008,0.000,0
52,4,0.000,0.000,0.000,0.052,0.948,0.000,0
52,5,0.000,0.000,0.000,0.000,0.000,0.000,0.000
52,6,0.000,0.000,0.000,0.000,0.000,0.000,0.000
53,0,0.483,0.366,0.128,0.023,0.000,0.000,0
53,1,0.046,0.535,0.333,0.080,0.006,0.000,0
53,2,0.002,0.090,0.620,0.260,0.029,0.000,0
53,3,0.000,0.009,0.147,0.671,0.173,0.000,0
53,4,0.000,0.000,0.019,0.240,0.740,0.000,0
53,5,0.000,0.000,0.000,0.000,0.000,0.000,0.000
53,6,0.000,0.000,0.000,0.000,0.000,0.000,0.000
54,0,0.948,0.052,0.000,0.000,0.000,0.000,0
54,1,0.024,0.946,0.030,0.000,0.000,0.000,0
54,2,0.001,0.060,0.919,0.019,0.000,0.000,0
54,3,0.000,0.002,0.093,0.889,0.016,0.000,0
54,4,0.000,0.000,0.006,0.143,0.851,0.000,0
54,5,0.000,0.000,0.000,0.000,0.000,0.000,0.000
54,6,0.000,0.000,0.000,0.000,0.000,0.000,0.000
55,0,0.977,0.023,0.000,0.000,0.000,0.000,0
55,1,0.015,0.957,0.028,0.000,0.000,0.000,0
55,2,0.000,0.021,0.961,0.018,0.001,0.000,0
55,3,0.000,0.001,0.034,0.957,0.008,0.000,0
55,4,0.000,0.000,0.000,0.040,0.960,0.000,0
55,5,0.000,0.000,0.000,0.000,0.000,0.000,0.000
55,6,0.000,0.000,0.000,0.000,0.000,0.000,0.000
56,0,0.744,0.225,0.031,0.000,0.000,0.000,0
56,1,0.074,0.753,0.162,0.010,0.000,0.000,0
56,2,0.008,0.141,0.743,0.103,0.005,0.000,0
56,3,0.000,0.038,0.240,0.662,0.060,0.000,0
56,4,0.000,0.000,0.051,0.259,0.690,0.000,0
56,5,0.000,0.000,0.000,0.000,0.000,0.000,0.000
56,6,0.000,0.000,0.000,0.000,0.000,0.000,0.000
57,0,0.912,0.088,0.000,0.000,0.000,0.000,0
57,1,0.043,0.912,0.046,0.000,0.000,0.000,0
57,2,0.002,0.068,0.893,0.037,0.001,0.000,0
57,3,0.000,0.003,0.101,0.880,0.016,0.000,0
57,4,0.000,0.000,0.000,0.168,0.832,0.000,0
57,5,0.000,0.000,0.000,0.000,0.000,0.000,0.000
57,6,0.000,0.000,0.000,0.000,0.000,0.000,0.000
58,0,0.975,0.025,0.000,0.000,0.000,0.000,0
58,1,0.016,0.947,0.036,0.000,0.000,0.000,0
58,2,0.000,0.023,0.952,0.024,0.000,0.000,0
58,3,0.000,0.000,0.030,0.956,0.014,0.000,0
58,4,0.000,0.000,0.000,0.078,0.922,0.000,0
58,5,0.000,0.000,0.000,0.000,0.000,0.000,0.000
58,6,0.000,0.000,0.000,0.000,0.000,0.000,0.000
59,0,0.663,0.291,0.043,0.002,0.000,0.000,0
59,1,0.053,0.662,0.252,0.033,0.000,0.000,0
59,2,0.006,0.110,0.702,0.174,0.007,0.000,0
59,3,0.000,0.022,0.202,0.686,0.090,0.000,0
59,4,0.000,0.000,0.056,0.248,0.696,0.000,0
59,5,0.000,0.000,0.000,0.000,0.000,0.000,0.000
59,6,0.000,0.000,0.000,0.000,0.000,0.000,0.000
60,0,0.975,0.025,0.000,0.000,0.000,0.000,0
60,1,0.037,0.939,0.024,0.000,0.000,0.000,0
60,2,0.001,0.061,0.923,0.016,0.000,0.000,0
60,3,0.000,0.005,0.101,0.888,0.006,0.000,0
60,4,0.000,0.000,0.007,0.130,0.863,0.000,0
60,5,0.000,0.000,0.000,0.000,0.000,0.000,0.000
60,6,0.000,0.000,0.000,0.000,0.000,0.000,0.000
61,0,0.983,0.018,0.000,0.000,0.000,0.000,0
61,1,0.022,0.964,0.013,0.001,0.000,0.000,0
61,2,0.000,0.035,0.958,0.007,0.000,0.000,0
61,3,0.000,0.003,0.077,0.914,0.006,0.000,0
61,4,0.000,0.000,0.004,0.067,0.929,0.000,0
61,5,0.000,0.000,0.000,0.000,0.000,0.000,0.000
61,6,0.000,0.000,0.000,0.000,0.000,0.000,0.000
62,0,0.834,0.156,0.009,0.000,0.000,0.000,0
62,1,0.058,0.814,0.121,0.006,0.000,0.000,0
62,2,0.003,0.101,0.814,0.078,0.003,0.000,0
62,3,0.000,0.011,0.153,0.797,0.038,0.000,0
62,4,0.000,0.000,0.021,0.207,0.772,0.000,0
62,5,0.000,0.000,0.000,0.000,0.000,0.000,0.000
62,6,0.000,0.000,0.000,0.000,0.000,0.000,0.000
63,0,0.954,0.046,0.000,0.000,0.000,0.000,0
63,1,0.028,0.940,0.032,0.000,0.000,0.000,0
63,2,0.000,0.041,0.935,0.024,0.000,0.000,0
63,3,0.000,0.002,0.066,0.919,0.013,0.000,0
63,4,0.000,0.000,0.000,0.121,0.879,0.000,0
63,5,0.000,0.000,0.000,0.000,0.000,0.000,0.000
63,6,0.000,0.000,0.000,0.000,0.000,0.000,0.000
64,0,0.971,0.029,0.000,0.000,0.000,0.000,0
64,1,0.006,0.974,0.020,0.000,0.000,0.000,0
64,2,0.000,0.013,0.971,0.016,0.000,0.000,0
64,3,0.000,0.000,0.022,0.962,0.016,0.000,0
64,4,0.000,0.000,0.000,0.023,0.977,0.000,0
64,5,0.000,0.000,0.000,0.000,0.000,0.000,0.000
64,6,0.000,0.000,0.000,0.000,0.000,0.000,0.000
65,0,0.724,0.238,0.036,0.002,0.000,0.000,0
65,1,0.055,0.750,0.186,0.009,0.000,0.000,0
65,2,0.002,0.115,0.750,0.126,0.006,0.000,0
65,3,0.000,0.014,0.184,0.731,0.071,0.000,0
65,4,0.000,0.000,0.035,0.214,0.751,0.000,0
65,5,0.000,0.000,0.000,0.000,0.000,0.000,0.000
65,6,0.000,0.000,0.000,0.000,0.000,0.000,0.000
66,0,0.943,0.052,0.005,0.000,0.000,0.000,0
66,1,0.023,0.924,0.052,0.001,0.000,0.000,0
66,2,0.001,0.053,0.913,0.033,0.000,0.000,0
66,3,0.000,0.002,0.076,0.904,0.018,0.000,0
66,4,0.000,0.000,0.000,0.094,0.906,0.000,0
66,5,0.000,0.000,0.000,0.000,0.000,0.000,0.000
66,6,0.000,0.000,0.000,0.000,0.000,0.000,0.000
67,0,0.928,0.072,0.000,0.000,0.000,0.000,0
67,1,0.010,0.955,0.035,0.000,0.000,0.000,0
67,2,0.001,0.030,0.943,0.027,0.000,0.000,0
67,3,0.000,0.000,0.041,0.952,0.007,0.000,0
67,4,0.000,0.000,0.000,0.056,0.944,0.000,0
67,5,0.000,0.000,0.000,0.000,0.000,0.000,0.000
67,6,0.000,0.000,0.000,0.000,0.000,0.000,0.000
68,0,0.842,0.146,0.012,0.000,0.000,0.000,0
68,1,0.060,0.817,0.115,0.007,0.000,0.000,0
68,2,0.005,0.109,0.800,0.084,0.002,0.000,0
68,3,0.000,0.009,0.168,0.787,0.036,0.000,0
68,4,0.000,0.000,0.008,0.184,0.807,0.000,0
68,5,0.000,0.000,0.000,0.000,0.000,0.000,0.000
68,6,0.000,0.000,0.000,0.000,0.000,0.000,0.000
69,0,0.903,0.090,0.007,0.000,0.000,0.000,0
69,1,0.008,0.905,0.083,0.004,0.000,0.000,0
69,2,0.001,0.018,0.930,0.050,0.002,0.000,0
69,3,0.000,0.002,0.028,0.934,0.036,0.000,0
69,4,0.000,0.000,0.004,0.055,0.941,0.000,0
69,5,0.000,0.000,0.000,0.000,0.000,0.000,0.000
69,6,0.000,0.000,0.000,0.000,0.000,0.000,0.000
70,0,0.958,0.042,0.000,0.000,0.000,0.000,0
70,1,0.007,0.961,0.032,0.001,0.000,0.000,0
70,2,0.000,0.020,0.959,0.020,0.000,0.000,0
70,3,0.000,0.000,0.026,0.959,0.015,0.000,0
70,4,0.000,0.000,0.004,0.060,0.936,0.000,0
70,5,0.000,0.000,0.000,0.000,0.000,0.000,0.000
70,6,0.000,0.000,0.000,0.000,0.000,0.000,0.000
71,0,0.693,0.256,0.050,0.000,0.000,0.000,0
71,1,0.045,0.717,0.216,0.022,0.000,0.000,0
71,2,0.003,0.124,0.710,0.155,0.009,0.000,0
71,3,0.000,0.016,0.176,0.737,0.071,0.000,0
71,4,0.000,0.000,0.030,0.208,0.761,0.000,0
71,5,0.000,0.000,0.000,0.000,0.000,0.000,0.000
71,6,0.000,0.000,0.000,0.000,0.000,0.000,0.000
72,0,0.860,0.131,0.009,0.000,0.000,0.000,0
72,1,0.019,0.881,0.096,0.004,0.000,0.000,0
72,2,0.000,0.033,0.892,0.072,0.003,0.000,0
72,3,0.000,0.001,0.055,0.910,0.034,0.000,0
72,4,0.000,0.000,0.003,0.085,0.912,0.000,0
72,5,0.000,0.000,0.000,0.000,0.000,0.000,0.000
72,6,0.000,0.000,0.000,0.000,0.000,0.000,0.000
73,0,0.928,0.069,0.000,0.003,0.000,0.000,0
73,1,0.010,0.944,0.045,0.001,0.000,0.000,0
73,2,0.000,0.015,0.949,0.036,0.001,0.000,0
73,3,0.000,0.000,0.028,0.956,0.015,0.000,0
73,4,0.000,0.000,0.000,0.038,0.962,0.000,0
73,5,0.000,0.000,0.000,0.000,0.000,0.000,0.000
73,6,0.000,0.000,0.000,0.000,0.000,0.000,0.000
74,0,0.839,0.158,0.003,0.000,0.000,0.000,0
74,1,0.044,0.822,0.129,0.006,0.000,0.000,0
74,2,0.004,0.091,0.827,0.076,0.003,0.000,0
74,3,0.000,0.002,0.131,0.828,0.038,0.000,0
74,4,0.000,0.000,0.019,0.149,0.832,0.000,0
74,5,0.000,0.000,0.000,0.000,0.000,0.000,0.000
74,6,0.000,0.000,0.000,0.000,0.000,0.000,0.000
75,0,0.910,0.090,0.000,0.000,0.000,0.000,0
75,1,0.039,0.904,0.054,0.003,0.000,0.000,0
75,2,0.003,0.065,0.892,0.039,0.001,0.000,0
75,3,0.000,0.005,0.117,0.860,0.019,0.000,0
75,4,0.000,0.000,0.012,0.143,0.844,0.000,0
75,5,0.000,0.000,0.000,0.000,0.000,0.000,0.000
75,6,0.000,0.000,0.000,0.000,0.000,0.000,0.000
76,0,0.943,0.057,0.000,0.000,0.000,0.000,0
76,1,0.025,0.940,0.034,0.001,0.000,0.000,0
76,2,0.000,0.042,0.930,0.029,0.000,0.000,0
76,3,0.000,0.002,0.061,0.926,0.011,0.000,0
76,4,0.000,0.000,0.007,0.095,0.898,0.000,0
76,5,0.000,0.000,0.000,0.000,0.000,0.000,0.000
76,6,0.000,0.000,0.000,0.000,0.000,0.000,0.000
77,0,0.886,0.111,0.003,0.000,0.000,0.000,0
77,1,0.106,0.825,0.070,0.000,0.000,0.000,0
77,2,0.008,0.185,0.758,0.048,0.001,0.000,0
77,3,0.003,0.034,0.248,0.698,0.018,0.000,0
77,4,0.000,0.007,0.065,0.299,0.629,0.000,0
77,5,0.000,0.000,0.000,0.000,0.000,0.000,0.000
77,6,0.000,0.000,0.000,0.000,0.000,0.000,0.000
78,0,0.857,0.137,0.006,0.000,0.000,0.000,0
78,1,0.028,0.863,0.105,0.004,0.000,0.000,0
78,2,0.000,0.080,0.846,0.073,0.001,0.000,0
78,3,0.000,0.005,0.111,0.858,0.026,0.000,0
78,4,0.000,0.000,0.005,0.168,0.827,0.000,0
78,5,0.000,0.000,0.000,0.000,0.000,0.000,0.000
78,6,0.000,0.000,0.000,0.000,0.000,0.000,0.000
79,0,0.887,0.104,0.009,0.000,0.000,0.000,0
79,1,0.011,0.897,0.089,0.004,0.000,0.000,0
79,2,0.000,0.031,0.906,0.062,0.001,0.000,0
79,3,0.000,0.000,0.045,0.932,0.023,0.000,0
79,4,0.000,0.000,0.000,0.058,0.942,0.000,0
79,5,0.000,0.000,0.000,0.000,0.000,0.000,0.000
79,6,0.000,0.000,0.000,0.000,0.000,0.000,0.000
80,0,0.909,0.089,0.002,0.000,0.000,0.000,0
80,1,0.071,0.857,0.072,0.001,0.000,0.000,0
80,2,0.002,0.139,0.814,0.044,0.001,0.000,0
80,3,0.000,0.019,0.186,0.773,0.022,0.000,0
80,4,0.000,0.000,0.044,0.260,0.696,0.000,0
80,5,0.000,0.000,0.000,0.000,0.000,0.000,0.000
80,6,0.000,0.000,0.000,0.000,0.000,0.000,0.000
81,0,0.918,0.078,0.004,0.000,0.000,0.000,0
81,1,0.023,0.927,0.050,0.000,0.000,0.000,0
81,2,0.002,0.050,0.913,0.035,0.000,0.000,0
81,3,0.000,0.001,0.074,0.910,0.015,0.000,0
81,4,0.000,0.000,0.012,0.113,0.875,0.000,0
81,5,0.000,0.000,0.000,0.000,0.000,0.000,0.000
81,6,0.000,0.000,0.000,0.000,0.000,0.000,0.000
82,0,0.938,0.056,0.006,0.000,0.000,0.000,0
82,1,0.018,0.936,0.046,0.001,0.000,0.000,0
82,2,0.001,0.044,0.923,0.031,0.001,0.000,0
82,3,0.000,0.002,0.043,0.943,0.011,0.000,0
82,4,0.000,0.000,0.000,0.056,0.944,0.000,0
82,5,0.000,0.000,0.000,0.000,0.000,0.000,0.000
82,6,0.000,0.000,0.000,0.000,0.000,0.000,0.000
83,0,0.751,0.225,0.025,0.000,0.000,0.000,0
83,1,0.064,0.783,0.145,0.007,0.000,0.000,0
83,2,0.004,0.104,0.787,0.100,0.005,0.000,0
83,3,0.000,0.009,0.168,0.757,0.065,0.000,0
83,4,0.000,0.000,0.024,0.193,0.783,0.000,0
83,5,0.000,0.000,0.000,0.000,0.000,0.000,0.000
83,6,0.000,0.000,0.000,0.000,0.000,0.000,0.000
84,0,0.905,0.091,0.004,0.000,0.000,0.000,0
84,1,0.026,0.902,0.069,0.003,0.000,0.000,0
84,2,0.002,0.052,0.903,0.042,0.001,0.000,0
84,3,0.000,0.001,0.077,0.895,0.027,0.000,0
84,4,0.000,0.000,0.005,0.034,0.961,0.000,0
84,5,0.000,0.000,0.000,0.000,0.000,0.000,0.000
84,6,0.000,0.000,0.000,0.000,0.000,0.000,0.000
85,0,0.966,0.034,0.000,0.000,0.000,0.000,0
85,1,0.014,0.951,0.035,0.000,0.000,0.000,0
85,2,0.000,0.027,0.951,0.022,0.000,0.000,0
85,3,0.000,0.001,0.048,0.942,0.008,0.000,0
85,4,0.000,0.000,0.000,0.050,0.950,0.000,0
85,5,0.000,0.000,0.000,0.000,0.000,0.000,0.000
85,6,0.000,0.000,0.000,0.000,0.000,0.000,0.000
86,0,0.810,0.167,0.023,0.000,0.000,0.000,0
86,1,0.048,0.812,0.130,0.009,0.000,0.000,0
86,2,0.002,0.082,0.820,0.094,0.002,0.000,0
86,3,0.000,0.007,0.129,0.811,0.053,0.000,0
86,4,0.000,0.000,0.005,0.205,0.790,0.000,0
86,5,0.000,0.000,0.000,0.000,0.000,0.000,0.000
86,6,0.000,0.000,0.000,0.000,0.000,0.000,0.000
87,0,0.916,0.082,0.002,0.000,0.000,0.000,0
87,1,0.027,0.912,0.059,0.002,0.000,0.000,0
87,2,0.002,0.062,0.890,0.045,0.001,0.000,0
87,3,0.001,0.002,0.107,0.867,0.023,0.000,0
87,4,0.000,0.000,0.004,0.128,0.867,0.000,0
87,5,0.000,0.000,0.000,0.000,0.000,0.000,0.000
87,6,0.000,0.000,0.000,0.000,0.000,0.000,0.000
88,0,0.966,0.034,0.000,0.000,0.000,0.000,0
88,1,0.011,0.966,0.023,0.000,0.000,0.000,0
88,2,0.000,0.017,0.970,0.013,0.000,0.000,0
88,3,0.000,0.001,0.035,0.960,0.004,0.000,0
88,4,0.000,0.000,0.000,0.064,0.936,0.000,0
88,5,0.000,0.000,0.000,0.000,0.000,0.000,0.000
88,6,0.000,0.000,0.000,0.000,0.000,0.000,0.000
89,0,0.749,0.230,0.021,0.000,0.000,0.000,0
89,1,0.053,0.779,0.155,0.013,0.000,0.000,0
89,2,0.002,0.118,0.779,0.099,0.003,0.000,0
89,3,0.000,0.010,0.192,0.744,0.053,0.000,0
89,4,0.000,0.000,0.014,0.248,0.738,0.000,0
89,5,0.000,0.000,0.000,0.000,0.000,0.000,0.000
89,6,0.000,0.000,0.000,0.000,0.000,0.000,0.000
90,0,0.929,0.071,0.000,0.000,0.000,0.000,0
90,1,0.039,0.904,0.056,0.002,0.000,0.000,0
90,2,0.002,0.085,0.886,0.028,0.000,0.000,0
90,3,0.000,0.004,0.094,0.881,0.021,0.000,0
90,4,0.000,0.000,0.005,0.108,0.887,0.000,0
90,5,0.000,0.000,0.000,0.000,0.000,0.000,0.000
90,6,0.000,0.000,0.000,0.000,0.000,0.000,0.000
91,0,0.897,0.099,0.004,0.000,0.000,0.000,0
91,1,0.015,0.920,0.063,0.001,0.000,0.000,0
91,2,0.001,0.037,0.916,0.046,0.000,0.000,0
91,3,0.000,0.002,0.040,0.939,0.018,0.000,0
91,4,0.000,0.000,0.000,0.029,0.971,0.000,0
91,5,0.000,0.000,0.000,0.000,0.000,0.000,0.000
91,6,0.000,0.000,0.000,0.000,0.000,0.000,0.000
92,0,0.837,0.147,0.016,0.000,0.000,0.000,0
92,1,0.047,0.824,0.123,0.006,0.001,0.000,0
92,2,0.004,0.087,0.815,0.091,0.003,0.000,0
92,3,0.000,0.011,0.139,0.810,0.040,0.000,0
92,4,0.000,0.000,0.036,0.154,0.810,0.000,0
92,5,0.000,0.000,0.000,0.000,0.000,0.000,0.000
92,6,0.000,0.000,0.000,0.000,0.000,0.000,0.000
93,0,0.927,0.069,0.004,0.000,0.000,0.000,0
93,1,0.011,0.939,0.050,0.001,0.000,0.000,0
93,2,0.000,0.023,0.943,0.034,0.000,0.000,0
93,3,0.000,0.001,0.042,0.946,0.011,0.000,0
93,4,0.000,0.000,0.000,0.027,0.973,0.000,0
93,5,0.000,0.000,0.000,0.000,0.000,0.000,0.000
93,6,0.000,0.000,0.000,0.000,0.000,0.000,0.000
94,0,0.968,0.028,0.005,0.000,0.000,0.000,0
94,1,0.005,0.958,0.037,0.000,0.000,0.000,0
94,2,0.000,0.006,0.968,0.026,0.000,0.000,0
94,3,0.000,0.000,0.011,0.978,0.011,0.000,0
94,4,0.000,0.000,0.000,0.013,0.987,0.000,0
94,5,0.000,0.000,0.000,0.000,0.000,0.000,0.000
94,6,0.000,0.000,0.000,0.000,0.000,0.000,0.000
95,0,0.686,0.279,0.030,0.005,0.000,0.000,0
95,1,0.050,0.715,0.211,0.023,0.001,0.000,0
95,2,0.002,0.094,0.764,0.133,0.007,0.000,0
95,3,0.000,0.011,0.172,0.747,0.071,0.000,0
95,4,0.000,0.004,0.025,0.202,0.769,0.000,0
95,5,0.000,0.000,0.000,0.000,0.000,0.000,0.000
95,6,0.000,0.000,0.000,0.000,0.000,0.000,0.000
96,0,0.818,0.173,0.008,0.000,0.000,0.000,0
96,1,0.008,0.881,0.106,0.005,0.000,0.000,0
96,2,0.000,0.015,0.899,0.085,0.002,0.000,0
96,3,0.000,0.000,0.020,0.928,0.052,0.000,0
96,4,0.000,0.000,0.000,0.041,0.959,0.000,0
96,5,0.000,0.000,0.000,0.000,0.000,0.000,0.000
96,6,0.000,0.000,0.000,0.000,0.000,0.000,0.000
97,0,0.914,0.086,0.000,0.000,0.000,0.000,0
97,1,0.011,0.913,0.076,0.001,0.000,0.000,0
97,2,0.000,0.016,0.945,0.039,0.000,0.000,0
97,3,0.000,0.001,0.031,0.943,0.026,0.000,0
97,4,0.000,0.000,0.000,0.025,0.975,0.000,0
97,5,0.000,0.000,0.000,0.000,0.000,0.000,0.000
97,6,0.000,0.000,0.000,0.000,0.000,0.000,0.000
98,0,0.720,0.250,0.030,0.000,0.000,0.000,0
98,1,0.033,0.785,0.173,0.009,0.000,0.000,0
98,2,0.002,0.055,0.811,0.126,0.006,0.000,0
98,3,0.001,0.002,0.077,0.850,0.070,0.000,0
98,4,0.000,0.000,0.012,0.134,0.855,0.000,0
98,5,0.000,0.000,0.000,0.000,0.000,0.000,0.000
98,6,0.000,0.000,0.000,0.000,0.000,0.000,0.000
99,0,0.858,0.135,0.008,0.000,0.000,0.000,0
99,1,0.018,0.894,0.084,0.004,0.001,0.000,0
99,2,0.000,0.030,0.906,0.063,0.001,0.000,0
99,3,0.000,0.000,0.052,0.923,0.025,0.000,0
99,4,0.000,0.000,0.003,0.072,0.926,0.000,0
99,5,0.000,0.000,0.000,0.000,0.000,0.000,0.000
99,6,0.000,0.000,0.000,0.000,0.000,0.000,0.000
100,0,0.872,0.119,0.008,0.000,0.000,0.000,0
100,1,0.008,0.902,0.086,0.004,0.000,0.000,0
100,2,0.000,0.017,0.925,0.056,0.002,0.000,0
100,3,0.000,0.000,0.027,0.941,0.032,0.000,0
100,4,0.000,0.000,0.000,0.038,0.962,0.000,0
100,5,0.000,0.000,0.000,0.000,0.000,0.000,0.000
100,6,0.000,0.000,0.000,0.000,0.000,0.000,0.000
101,0,0.652,0.317,0.032,0.000,0.000,0.000,0
101,1,0.039,0.727,0.211,0.022,0.002,0.000,0
101,2,0.002,0.089,0.754,0.149,0.006,0.000,0
101,3,0.000,0.004,0.102,0.806,0.088,0.000,0
101,4,0.000,0.000,0.014,0.197,0.789,0.000,0
101,5,0.000,0.000,0.000,0.000,0.000,0.000,0.000
101,6,0.000,0.000,0.000,0.000,0.000,0.000,0.000
102,0,0.778,0.185,0.037,0.000,0.000,0.000,0
102,1,0.011,0.814,0.162,0.013,0.000,0.000,0
102,2,0.000,0.028,0.853,0.115,0.003,0.000,0
102,3,0.000,0.001,0.050,0.881,0.068,0.000,0
102,4,0.000,0.000,0.000,0.058,0.942,0.000,0
102,5,0.000,0.000,0.000,0.000,0.000,0.000,0.000
102,6,0.000,0.000,0.000,0.000,0.000,0.000,0.000
103,0,0.816,0.184,0.000,0.000,0.000,0.000,0
103,1,0.008,0.890,0.098,0.004,0.000,0.000,0
103,2,0.000,0.017,0.903,0.079,0.001,0.000,0
103,3,0.000,0.000,0.016,0.942,0.042,0.000,0
103,4,0.000,0.000,0.000,0.036,0.964,0.000,0
103,5,0.000,0.000,0.000,0.000,0.000,0.000,0.000
103,6,0.000,0.000,0.000,0.000,0.000,0.000,0.000
104,0,0.728,0.228,0.044,0.000,0.000,0.000,0
104,1,0.045,0.724,0.210,0.021,0.000,0.000,0
104,2,0.002,0.069,0.785,0.139,0.005,0.000,0
104,3,0.000,0.004,0.116,0.810,0.071,0.000,0
104,4,0.000,0.000,0.008,0.157,0.835,0.000,0
104,5,0.000,0.000,0.000,0.000,0.000,0.000,0.000
104,6,0.000,0.000,0.000,0.000,0.000,0.000,0.000
105,0,0.823,0.156,0.021,0.000,0.000,0.000,0
105,1,0.006,0.859,0.130,0.005,0.000,0.000,0
105,2,0.000,0.021,0.883,0.094,0.002,0.000,0
105,3,0.000,0.000,0.033,0.920,0.048,0.000,0
105,4,0.000,0.000,0.000,0.060,0.940,0.000,0
105,5,0.000,0.000,0.000,0.000,0.000,0.000,0.000
105,6,0.000,0.000,0.000,0.000,0.000,0.000,0.000
106,0,0.926,0.074,0.000,0.000,0.000,0.000,0
106,1,0.010,0.930,0.059,0.001,0.000,0.000,0
106,2,0.000,0.013,0.943,0.043,0.001,0.000,0
106,3,0.000,0.000,0.028,0.944,0.028,0.000,0
106,4,0.000,0.000,0.000,0.028,0.972,0.000,0
106,5,0.000,0.000,0.000,0.000,0.000,0.000,0.000
106,6,0.000,0.000,0.000,0.000,0.000,0.000,0.000
107,0,0.731,0.244,0.025,0.000,0.000,0.000,0
107,1,0.037,0.772,0.180,0.011,0.000,0.000,0
107,2,0.002,0.095,0.781,0.118,0.004,0.000,0
107,3,0.000,0.007,0.135,0.804,0.055,0.000,0
107,4,0.000,0.000,0.018,0.166,0.815,0.000,0
107,5,0.000,0.000,0.000,0.000,0.000,0.000,0.000
107,6,0.000,0.000,0.000,0.000,0.000,0.000,0.000
108,0,0.709,0.256,0.034,0.000,0.000,0.000,0
108,1,0.016,0.786,0.181,0.016,0.001,0.000,0
108,2,0.000,0.025,0.839,0.132,0.004,0.000,0
108,3,0.000,0.000,0.048,0.879,0.073,0.000,0
108,4,0.000,0.000,0.003,0.063,0.934,0.000,0
108,5,0.000,0.000,0.000,0.000,0.000,0.000,0.000
108,6,0.000,0.000,0.000,0.000,0.000,0.000,0.000
109,0,0.895,0.105,0.000,0.000,0.000,0.000,0
109,1,0.012,0.896,0.089,0.003,0.000,0.000,0
109,2,0.000,0.022,0.921,0.056,0.001,0.000,0
109,3,0.000,0.001,0.042,0.929,0.028,0.000,0
109,4,0.000,0.000,0.001,0.041,0.958,0.000,0
109,5,0.000,0.000,0.000,0.000,0.000,0.000,0.000
109,6,0.000,0.000,0.000,0.000,0.000,0.000,0.000
110,0,0.806,0.183,0.011,0.000,0.000,0.000,0
110,1,0.017,0.811,0.158,0.012,0.002,0.000,0
110,2,0.001,0.058,0.831,0.109,0.002,0.000,0
110,3,0.000,0.003,0.098,0.838,0.061,0.000,0
110,4,0.000,0.000,0.006,0.136,0.858,0.000,0
110,5,0.000,0.000,0.000,0.000,0.000,0.000,0.000
110,6,0.000,0.000,0.000,0.000,0.000,0.000,0.000
111,0,0.874,0.126,0.000,0.000,0.000,0.000,0
111,1,0.019,0.915,0.063,0.003,0.000,0.000,0
111,2,0.001,0.027,0.925,0.046,0.001,0.000,0
111,3,0.000,0.000,0.041,0.930,0.029,0.000,0
111,4,0.000,0.000,0.000,0.056,0.944,0.000,0
111,5,0.000,0.000,0.000,0.000,0.000,0.000,0.000
111,6,0.000,0.000,0.000,0.000,0.000,0.000,0.000
112,0,0.910,0.090,0.000,0.000,0.000,0.000,0
112,1,0.008,0.947,0.042,0.003,0.000,0.000,0
112,2,0.001,0.039,0.924,0.035,0.001,0.000,0
112,3,0.000,0.001,0.048,0.926,0.025,0.000,0
112,4,0.000,0.000,0.004,0.055,0.942,0.000,0
112,5,0.000,0.000,0.000,0.000,0.000,0.000,0.000
112,6,0.000,0.000,0.000,0.000,0.000,0.000,0.000
113,0,0.816,0.184,0.000,0.000,0.000,0.000,0
113,1,0.031,0.811,0.150,0.009,0.000,0.000,0
113,2,0.001,0.074,0.821,0.100,0.004,0.000,0
113,3,0.000,0.002,0.126,0.825,0.047,0.000,0
113,4,0.000,0.000,0.015,0.137,0.848,0.000,0
113,5,0.000,0.000,0.000,0.000,0.000,0.000,0.000
113,6,0.000,0.000,0.000,0.000,0.000,0.000,0.000
114,0,0.819,0.160,0.021,0.000,0.000,0.000,0
114,1,0.023,0.846,0.125,0.006,0.000,0.000,0
114,2,0.000,0.039,0.878,0.079,0.004,0.000,0
114,3,0.000,0.002,0.047,0.893,0.058,0.000,0
114,4,0.000,0.000,0.004,0.093,0.903,0.000,0
114,5,0.000,0.000,0.000,0.000,0.000,0.000,0.000
114,6,0.000,0.000,0.000,0.000,0.000,0.000,0.000
115,0,0.914,0.086,0.000,0.000,0.000,0.000,0
115,1,0.001,0.923,0.075,0.001,0.000,0.000,0
115,2,0.000,0.001,0.948,0.052,0.000,0.000,0
115,3,0.000,0.000,0.007,0.973,0.019,0.000,0
115,4,0.000,0.000,0.000,0.005,0.995,0.000,0
115,5,0.000,0.000,0.000,0.000,0.000,0.000,0.000
115,6,0.000,0.000,0.000,0.000,0.000,0.000,0.000
116,0,0.744,0.244,0.012,0.000,0.000,0.000,0
116,1,0.013,0.758,0.213,0.016,0.000,0.000,0
116,2,0.001,0.032,0.822,0.141,0.004,0.000,0
116,3,0.000,0.001,0.048,0.876,0.075,0.000,0
116,4,0.000,0.000,0.002,0.065,0.933,0.000,0
116,5,0.000,0.000,0.000,0.000,0.000,0.000,0.000
116,6,0.000,0.000,0.000,0.000,0.000,0.000,0.000
117,0,0.904,0.096,0.000,0.000,0.000,0.000,0
117,1,0.005,0.882,0.111,0.002,0.000,0.000,0
117,2,0.000,0.011,0.914,0.074,0.001,0.000,0
117,3,0.000,0.000,0.022,0.935,0.043,0.000,0
117,4,0.000,0.000,0.000,0.039,0.961,0.000,0
117,5,0.000,0.000,0.000,0.000,0.000,0.000,0.000
117,6,0.000,0.000,0.000,0.000,0.000,0.000,0.000
118,0,0.855,0.130,0.014,0.000,0.000,0.000,0
118,1,0.004,0.873,0.119,0.004,0.000,0.000,0
118,2,0.000,0.012,0.915,0.071,0.001,0.000,0
118,3,0.000,0.000,0.013,0.953,0.034,0.000,0
118,4,0.000,0.000,0.000,0.023,0.977,0.000,0
118,5,0.000,0.000,0.000,0.000,0.000,0.000,0.000
118,6,0.000,0.000,0.000,0.000,0.000,0.000,0.000
119,0,0.656,0.311,0.016,0.016,0.000,0.000,0
119,1,0.011,0.736,0.245,0.008,0.000,0.000,0
119,2,0.001,0.037,0.795,0.162,0.005,0.000,0
119,3,0.000,0.001,0.060,0.860,0.079,0.000,0
119,4,0.000,0.000,0.003,0.101,0.896,0.000,0
119,5,0.000,0.000,0.000,0.000,0.000,0.000,0.000
119,6,0.000,0.000,0.000,0.000,0.000,0.000,0.000
120,0,0.804,0.196,0.000,0.000,0.000,0.000,0
120,1,0.009,0.849,0.136,0.005,0.000,0.000,0
120,2,0.000,0.014,0.890,0.093,0.002,0.000,0
120,3,0.000,0.000,0.021,0.931,0.048,0.000,0
120,4,0.000,0.000,0.001,0.034,0.965,0.000,0
120,5,0.000,0.000,0.000,0.000,0.000,0.000,0.000
120,6,0.000,0.000,0.000,0.000,0.000,0.000,0.000
121,0,0.951,0.049,0.000,0.000,0.000,0.000,0
121,1,0.000,0.944,0.056,0.000,0.000,0.000,0
121,2,0.000,0.000,0.957,0.043,0.000,0.000,0
121,3,0.000,0.000,0.000,0.984,0.016,0.000,0
121,4,0.000,0.000,0.000,0.000,1.000,0.000,0
121,5,0.000,0.000,0.000,0.000,0.000,0.000,0.000
121,6,0.000,0.000,0.000,0.000,0.000,0.000,0.000
122,0,0.923,0.051,0.000,0.026,0.000,0.000,0
122,1,0.014,0.708,0.254,0.022,0.003,0.000,0
122,2,0.000,0.030,0.814,0.147,0.009,0.000,0
122,3,0.000,0.000,0.046,0.873,0.081,0.000,0
122,4,0.000,0.001,0.001,0.074,0.925,0.000,0
122,5,0.000,0.000,0.000,0.000,0.000,0.000,0.000
122,6,0.000,0.000,0.000,0.000,0.000,0.000,0.000
123,0,0.854,0.146,0.000,0.000,0.000,0.000,0
123,1,0.007,0.882,0.111,0.000,0.000,0.000,0
123,2,0.000,0.026,0.912,0.060,0.002,0.000,0
123,3,0.000,0.000,0.019,0.951,0.030,0.000,0
123,4,0.000,0.000,0.000,0.043,0.957,0.000,0
123,5,0.000,0.000,0.000,0.000,0.000,0.000,0.000
123,6,0.000,0.000,0.000,0.000,0.000,0.000,0.000
124,0,0.919,0.081,0.000,0.000,0.000,0.000,0
124,1,0.003,0.974,0.023,0.000,0.000,0.000,0
124,2,0.000,0.013,0.970,0.017,0.000,0.000,0
124,3,0.000,0.000,0.018,0.970,0.012,0.000,0
124,4,0.000,0.000,0.001,0.013,0.986,0.000,0
124,5,0.000,0.000,0.000,0.000,0.000,0.000,0.000
124,6,0.000,0.000,0.000,0.000,0.000,0.000,0.000
125,0,0.657,0.314,0.029,0.000,0.000,0.000,0
125,1,0.044,0.752,0.188,0.016,0.000,0.000,0
125,2,0.001,0.099,0.772,0.126,0.002,0.000,0
125,3,0.000,0.006,0.149,0.780,0.065,0.000,0
125,4,0.000,0.001,0.019,0.206,0.774,0.000,0
125,5,0.000,0.000,0.000,0.000,0.000,0.000,0.000
125,6,0.000,0.000,0.000,0.000,0.000,0.000,0.000
126,0,0.868,0.132,0.000,0.000,0.000,0.000,0
126,1,0.015,0.913,0.072,0.000,0.000,0.000,0
126,2,0.001,0.043,0.924,0.032,0.001,0.000,0
126,3,0.000,0.002,0.061,0.916,0.021,0.000,0
126,4,0.000,0.000,0.001,0.076,0.923,0.000,0
126,5,0.000,0.000,0.000,0.000,0.000,0.000,0.000
126,6,0.000,0.000,0.000,0.000,0.000,0.000,0.000
127,0,1.000,0.000,0.000,0.000,0.000,0.000,0
127,1,0.000,0.936,0.064,0.000,0.000,0.000,0
127,2,0.000,0.011,0.962,0.028,0.000,0.000,0
127,3,0.000,0.000,0.016,0.968,0.015,0.000,0
127,4,0.000,0.000,0.000,0.017,0.983,0.000,0
127,5,0.000,0.000,0.000,0.000,0.000,0.000,0.000
127,6,0.000,0.000,0.000,0.000,0.000,0.000,0.000
128,0,0.800,0.200,0.000,0.000,0.000,0.000,0
128,1,0.058,0.832,0.105,0.005,0.000,0.000,0
128,2,0.003,0.101,0.813,0.082,0.001,0.000,0
128,3,0.000,0.011,0.168,0.779,0.042,0.000,0
128,4,0.000,0.002,0.024,0.228,0.746,0.000,0
128,5,0.000,0.000,0.000,0.000,0.000,0.000,0.000
128,6,0.000,0.000,0.000,0.000,0.000,0.000,0.000
129,0,0.885,0.098,0.016,0.000,0.000,0.000,0
129,1,0.021,0.830,0.143,0.006,0.000,0.000,0
129,2,0.000,0.036,0.872,0.091,0.001,0.000,0
129,3,0.000,0.001,0.056,0.901,0.043,0.000,0
129,4,0.000,0.000,0.002,0.079,0.919,0.000,0
129,5,0.000,0.000,0.000,0.000,0.000,0.000,0.000
129,6,0.000,0.000,0.000,0.000,0.000,0.000,0.000
130,0,1.000,0.000,0.000,0.000,0.000,0.000,0
130,1,0.006,0.988,0.006,0.000,0.000,0.000,0
130,2,0.000,0.014,0.977,0.010,0.000,0.000,0
130,3,0.000,0.000,0.015,0.981,0.004,0.000,0
130,4,0.000,0.000,0.000,0.013,0.987,0.000,0
130,5,0.000,0.000,0.000,0.000,0.000,0.000,0.000
130,6,0.000,0.000,0.000,0.000,0.000,0.000,0.000
131,0,0.824,0.162,0.015,0.000,0.000,0.000,0
131,1,0.175,0.699,0.118,0.008,0.000,0.000,0
131,2,0.026,0.280,0.629,0.065,0.000,0.000,0
131,3,0.007,0.085,0.380,0.504,0.024,0.000,0
131,4,0.000,0.026,0.139,0.428,0.407,0.000,0
131,5,0.000,0.000,0.000,0.000,0.000,0.000,0.000
131,6,0.000,0.000,0.000,0.000,0.000,0.000,0.000
132,0,0.899,0.096,0.005,0.000,0.000,0.000,0
132,1,0.029,0.892,0.078,0.001,0.000,0.000,0
132,2,0.001,0.076,0.876,0.047,0.001,0.000,0
132,3,0.001,0.006,0.114,0.860,0.020,0.000,0
132,4,0.000,0.000,0.014,0.157,0.829,0.000,0
132,5,0.000,0.000,0.000,0.000,0.000,0.000,0.000
132,6,0.000,0.000,0.000,0.000,0.000,0.000,0.000
133,0,0.971,0.029,0.000,0.000,0.000,0.000,0
133,1,0.027,0.947,0.027,0.000,0.000,0.000,0
133,2,0.001,0.064,0.915,0.019,0.000,0.000,0
133,3,0.000,0.002,0.070,0.920,0.007,0.000,0
133,4,0.000,0.000,0.003,0.101,0.897,0.000,0
133,5,0.000,0.000,0.000,0.000,0.000,0.000,0.000
133,6,0.000,0.000,0.000,0.000,0.000,0.000,0.000
134,0,0.923,0.064,0.013,0.000,0.000,0.000,0
134,1,0.157,0.808,0.034,0.000,0.000,0.000,0
134,2,0.032,0.276,0.670,0.023,0.000,0.000,0
134,3,0.004,0.073,0.352,0.557,0.014,0.000,0
134,4,0.000,0.029,0.117,0.387,0.467,0.000,0
134,5,0.000,0.000,0.000,0.000,0.000,0.000,0.000
134,6,0.000,0.000,0.000,0.000,0.000,0.000,0.000
135,0,0.922,0.076,0.002,0.000,0.000,0.000,0
135,1,0.068,0.870,0.059,0.003,0.000,0.000,0
135,2,0.006,0.149,0.810,0.034,0.001,0.000,0
135,3,0.000,0.019,0.198,0.775,0.008,0.000,0
135,4,0.000,0.005,0.011,0.297,0.687,0.000,0
135,5,0.000,0.000,0.000,0.000,0.000,0.000,0.000
135,6,0.000,0.000,0.000,0.000,0.000,0.000,0.000
136,0,0.967,0.031,0.002,0.000,0.000,0.000,0
136,1,0.015,0.954,0.030,0.001,0.000,0.000,0
136,2,0.001,0.039,0.939,0.021,0.000,0.000,0
136,3,0.000,0.001,0.062,0.929,0.008,0.000,0
136,4,0.000,0.000,0.000,0.060,0.940,0.000,0
136,5,0.000,0.000,0.000,0.000,0.000,0.000,0.000
136,6,0.000,0.000,0.000,0.000,0.000,0.000,0.000
137,0,0.945,0.055,0.000,0.000,0.000,0.000,0
137,1,0.334,0.641,0.025,0.000,0.000,0.000,0
137,2,0.134,0.422,0.435,0.009,0.000,0.000,0
137,3,0.032,0.230,0.465,0.268,0.005,0.000,0
137,4,0.008,0.060,0.308,0.406,0.218,0.000,0
137,5,0.000,0.000,0.000,0.000,0.000,0.000,0.000
137,6,0.000,0.000,0.000,0.000,0.000,0.000,0.000
138,0,0.935,0.065,0.000,0.000,0.000,0.000,0
138,1,0.063,0.885,0.051,0.000,0.000,0.000,0
138,2,0.007,0.127,0.840,0.026,0.000,0.000,0
138,3,0.000,0.010,0.158,0.818,0.013,0.000,0
138,4,0.000,0.000,0.000,0.212,0.788,0.000,0
138,5,0.000,0.000,0.000,0.000,0.000,0.000,0.000
138,6,0.000,0.000,0.000,0.000,0.000,0.000,0.000
139,0,0.963,0.037,0.000,0.000,0.000,0.000,0
139,1,0.028,0.949,0.023,0.000,0.000,0.000,0
139,2,0.002,0.042,0.940,0.015,0.000,0.000,0
139,3,0.000,0.004,0.060,0.930,0.007,0.000,0
139,4,0.000,0.000,0.000,0.200,0.800,0.000,0
139,5,0.000,0.000,0.000,0.000,0.000,0.000,0.000
139,6,0.000,0.000,0.000,0.000,0.000,0.000,0.000
140,0,0.958,0.042,0.001,0.000,0.000,0.000,0
140,1,0.234,0.746,0.019,0.000,0.000,0.000,0
140,2,0.062,0.374,0.557,0.008,0.000,0.000,0
140,3,0.017,0.139,0.486,0.354,0.003,0.000,0
140,4,0.000,0.000,0.154,0.615,0.231,0.000,0
140,5,0.000,0.000,0.000,0.000,0.000,0.000,0.000
140,6,0.000,0.000,0.000,0.000,0.000,0.000,0.000
141,0,0.987,0.013,0.000,0.000,0.000,0.000,0
141,1,0.077,0.912,0.011,0.000,0.000,0.000,0
141,2,0.008,0.166,0.818,0.008,0.000,0.000,0
141,3,0.000,0.031,0.211,0.758,0.000,0.000,0
141,4,0.000,0.000,0.143,0.286,0.571,0.000,0
141,5,0.000,0.000,0.000,0.000,0.000,0.000,0.000
141,6,0.000,0.000,0.000,0.000,0.000,0.000,0.000
142,0,0.991,0.009,0.000,0.000,0.000,0.000,0
142,1,0.057,0.934,0.009,0.000,0.000,0.000,0
142,2,0.001,0.106,0.892,0.001,0.000,0.000,0
142,3,0.000,0.009,0.123,0.868,0.000,0.000,0
142,4,0.000,0.000,0.000,0.250,0.750,0.000,0
142,5,0.000,0.000,0.000,0.000,0.000,0.000,0.000
142,6,0.000,0.000,0.000,0.000,0.000,0.000,0.000
143,0,0.978,0.022,0.000,0.000,0.000,0.000,0
143,1,0.345,0.646,0.009,0.000,0.000,0.000,0
143,2,0.103,0.471,0.419,0.007,0.000,0.000,0
143,3,0.042,0.221,0.474,0.263,0.000,0.000,0
143,4,0.333,0.000,0.000,0.000,0.667,0.000,0
143,5,0.000,0.000,0.000,0.000,0.000,0.000,0.000
143,6,0.000,0.000,0.000,0.000,0.000,0.000,0.000
144,0,0.973,0.026,0.000,0.000,0.000,0.000,0
144,1,0.080,0.899,0.020,0.000,0.000,0.000,0
144,2,0.006,0.157,0.820,0.017,0.000,0.000,0
144,3,0.000,0.000,0.300,0.700,0.000,0.000,0
144,4,0.000,0.000,0.000,0.000,1.000,0.000,0
144,5,0.000,0.000,0.000,0.000,0.000,0.000,0.000
144,6,0.000,0.000,0.000,0.000,0.000,0.000,0.000
